organism.x,edian_total,ax_total,in_total,ean_total,edian_map,ax_map,in_map,ean_map,edian_fmap,ax_fmap,in_fmap,ean_fmap,edian_meandoc,ax_meandoc,in_meandoc,ean_meandoc,qr_meandoc,pper_quartile_meandoc,ower_quartile_meandoc,median_fabove15,max_fabove15,min_fabove15,mean_fabove15,iqr_fabove15,upper_quartile_fabove15,lower_quartile_fabove15,median_dup,max_dup,min_dup,mean_dup,iqr_dup,upper_quartile_dup,lower_quartile_dup
anthrax,6413796,32708157,539623,7624145.075268817,3591529,32345531,26313,5429411.784946237,0.695069572,0.995311833,0.020206063,0.6085867429462366,43.19,449.39,0.17,69.6589247311828,59.96000000000001,74.73,14.77,97.3,100,0,69.27311827956989,55.9,99.8,43.9,0.077280801,0.664977752,0.002152748,0.11650595180645161,0.10757138,0.146392593,0.038821213
mycoplasma,2989984.5,4247924,1082454,2918091.910714286,741259,3053463,14936,837533.1428571428,0.23749198300000002,0.836098135,0.003952526,0.29400140178571427,26.945,183.05,0.08,42.90589285714286,58.9275,64.6825,5.755,79.19999999999999,95.8,0,55.61071428571429,88.6,90.75,2.15,0.054601227,0.41687748,0.002536487,0.08082779539285714,0.10503658425000001,0.1179279705,0.01289138625
